2017260N12308,2017,76,NA,NA,MARIA,2017-09-16 18:00:00,NR,12.2000,-51.7000, , , ,PROVISIONAL,757,732,O_____________,tcvitals,12.2000,-51.7000, , ,41,1004,0,46, , ,46, , , , , , , , ,1012,173,46, , , , , , , , , , , , , , , , , , , , , , , , , , , , , , , , , , , , , , , , , , , , , , , , , , , , , , , , , , , , , , , , , , , , , , , , , , , , , , , , , , , , , , , , , , , , , , , , , , , , , , , , , , , , , , 
2017260N12308,2017,76,NA,NA,MARIA,2017-09-16 21:00:00,NR,12.2105,-52.4251, , , ,PROVISIONAL,732,722,P_____________, ,12.2105,-52.4251, , ,41,1004,0,46, , ,46, , , , , , , , ,1012,173,40, , , , , , , , , , , , , , , , , , , , , , , , , , , , , , , , , , , , , , , , , , , , , , , , , , , , , , , , , , , , , , , , , , , , , , , , , , , , , , , , , , , , , , , , , , , , , , , , , , , , , , , , , , , , , , 
2017260N12308,2017,76,NA,NA,MARIA,2017-09-17 00:00:00,NR,12.3000,-53.1000, , , ,PROVISIONAL,727,723,O_____________,tcvitals,12.3000,-53.1000, , ,41,1004,0,46,35, ,46, , , , , , , , ,1012,173,35, , , , , , , , , , , , , , , , , , , , , , , , , , , , , , , , , , , , , , , , , , , , , , , , , , , , , , , , , , , , , , , , , , , , , , , , , , , , , , , , , , , , , , , , , , , , , , , , , , , , , , , , , , , , , , 
2017260N12308,2017,76,NA,NA,MARIA,2017-09-17 03:00:00,NR,12.5197,-53.7000, , , ,PROVISIONAL,741,740,P_____________, ,12.5197,-53.7000, , ,47,999,0,52,40, ,52, , , , , , , , ,1011,173,29, , , , , , , , , , , , , , , , , , , , , , , , , , , , , , , , , , , , , , , , , , , , , , , , , , , , , , , , , , , , , , , , , , , , , , , , , , , , , , , , , , , , , , , , , , , , , , , , , , , , , , , , , , , , , , 
2017260N12308,2017,76,NA,NA,MARIA,2017-09-17 06:00:00,NR,12.8000,-54.3000, , , ,PROVISIONAL,743,706,O_____________,tcvitals,12.8000,-54.3000, , ,54,994,0,58,46, ,58, , , , , , , , ,1010,173,23, , , , , , , , , , , , , , , , , , , , , , , , , , , , , , , , , , , , , , , , , , , , , , , , , , , , , , , , , , , , , , , , , , , , , , , , , , , , , , , , , , , , , , , , , , , , , , , , , , , , , , , , , , , , , , 
2017260N12308,2017,76,NA,NA,MARIA,2017-09-17 09:00:00,NR,13.0650,-54.9925, , , ,PROVISIONAL,706,646,P_____________, ,13.0650,-54.9925, , ,54,994,0,63,46, ,58, , , , , , , , ,1010,190,23, , , , , , , , , , , , , , , , , , , , , , , , , , , , , , , , , , , , , , , , , , , , , , , , , , , , , , , , , , , , , , , , , , , , , , , , , , , , , , , , , , , , , , , , , , , , , , , , , , , , , , , , , , , , , , 
2017260N12308,2017,76,NA,NA,MARIA,2017-09-17 12:00:00,NR,13.3000,-55.7000, , , ,PROVISIONAL,646,594,O_____________,tcvitals,13.3000,-55.7000, , ,54,994,0,69,46,35,58, , , , , , , , ,1011,208,23, , , , , , , , , , , , , , , , , , , , , , , , , , , , , , , , , , , , , , , , , , , , , , , , , , , , , , , , , , , , , , , , , , , , , , , , , , , , , , , , , , , , , , , , , , , , , , , , , , , , , , , , , , , , , , 
2017260N12308,2017,76,NA,NA,MARIA,2017-09-17 15:00:00,NR,13.4574,-56.3802, , , ,PROVISIONAL,590,542,P_____________, ,13.4574,-56.3802, , ,59,990,0,75,57,40,63, , , , , , , , ,1010,208,20, , , , , , , , , , , , , , , , , , , , , , , , , , , , , , , , , , , , , , , , , , , , , , , , , , , , , , , , , , , , , , , , , , , , , , , , , , , , , , , , , , , , , , , , , , , , , , , , , , , , , , , , , , , , , , 
2017260N12308,2017,76,NA,NA,MARIA,2017-09-17 18:00:00,NR,13.6000,-57.0000, , , ,PROVISIONAL,542,515,O_____________,tcvitals,13.6000,-57.0000, , ,64,986,1,81,69,46,69, , , , , , , , ,1010,208,17, , , , , , , , , , , , , , , , , , , , , , , , , , , , , , , , , , , , , , , , , , , , , , , , , , , , , , , , , , , , , , , , , , , , , , , , , , , , , , , , , , , , , , , , , , , , , , , , , , , , , , , , , , , , , , 
2017260N12308,2017,76,NA,NA,MARIA,2017-09-17 21:00:00,NR,13.7922,-57.5226, , , ,PROVISIONAL,515,491,P_____________, ,13.7922,-57.5226, , ,70,982,1,92,69,46,75, , , , , , , , ,1009,208,14, , , , , , , , , , , , , , , , , , , , , , , , , , , , , , , , , , , , , , , , , , , , , , , , , , , , , , , , , , , , , , , , , , , , , , , , , , , , , , , , , , , , , , , , , , , , , , , , , , , , , , , , , , , , , , 
2017260N12308,2017,76,NA,NA,MARIA,2017-09-18 00:00:00,NR,14.0000,-58.0000, , , ,PROVISIONAL,492,476,O_____________,tcvitals,14.0000,-58.0000, , ,76,979,1,104,69,46,81, , , , , , , , ,1009,208,12, , , , , , , , , , , , , , , , , , , , , , , , , , , , , , , , , , , , , , , , , , , , , , , , , , , , , , , , , , , , , , , , , , , , , , , , , , , , , , , , , , , , , , , , , , , , , , , , , , , , , , , , , , , , , , 
2017260N12308,2017,76,NA,NA,MARIA,2017-09-18 03:00:00,NR,14.2225,-58.5224, , , ,PROVISIONAL,476,467,P_____________, ,14.2225,-58.5224, , ,78,978,1,104,69,46,81, , , , , , , , ,1009,208,12, , , , , , , , , , , , , , , , , , , , , , , , , , , , , , , , , , , , , , , , , , , , , , , , , , , , , , , , , , , , , , , , , , , , , , , , , , , , , , , , , , , , , , , , , , , , , , , , , , , , , , , , , , , , , , 
2017260N12308,2017,76,NA,NA,MARIA,2017-09-18 06:00:00,NR,14.4000,-59.0000, , , ,PROVISIONAL,467,449,O_____________,tcvitals,14.4000,-59.0000, , ,80,977,1,104,69,46,81, , , , , , , , ,1010,208,12, , , , , , , , , , , , , , , , , , , , , , , , , , , , , , , , , , , , , , , , , , , , , , , , , , , , , , , , , , , , , , , , , , , , , , , , , , , , , , , , , , , , , , , , , , , , , , , , , , , , , , , , , , , , , , 
2017260N12308,2017,76,NA,NA,MARIA,2017-09-18 09:00:00,NR,14.4498,-59.3728, , , ,PROVISIONAL,449,448,P_____________, ,14.4498,-59.3728, , ,89,972,2,115,86,63,92, , , , , , , , ,1010,208,12, , , , , , , , , , , , , , , , , , , , , , , , , , , , , , , , , , , , , , , , , , , , , , , , , , , , , , , , , , , , , , , , , , , , , , , , , , , , , , , , , , , , , , , , , , , , , , , , , , , , , , , , , , , , , , 
2017260N12308,2017,76,NA,CS,MARIA,2017-09-18 12:00:00,NR,14.5000,-59.7000, , , ,PROVISIONAL,448,445,O_____________,tcvitals,14.5000,-59.7000, , ,99,967,3,127,104,81,104, , , , , , , , ,1010,208,12, , , , , , , , , , , , , , , , , , , , , , , , , , , , , , , , , , , , , , , , , , , , , , , , , , , , , , , , , , , , , , , , , , , , , , , , , , , , , , , , , , , , , , , , , , , , , , , , , , , , , , , , , , , , , , 
2017260N12308,2017,76,NA,CS,MARIA,2017-09-18 15:00:00,NR,14.6774,-60.0500, , , ,PROVISIONAL,460,456,P_____________, ,14.6774,-60.0500, , ,105,961,3,127,104,86,104, , , , , , , , ,1010,208,12, , , , , , , , , , , , , , , , , , , , , , , , , , , , , , , , , , , , , , , , , , , , , , , , , , , , , , , , , , , , , , , , , , , , , , , , , , , , , , , , , , , , , , , , , , , , , , , , , , , , , , , , , , , , , , 
2017260N12308,2017,76,NA,CS,MARIA,2017-09-18 18:00:00,NR,14.9000,-60.4000, , , ,PROVISIONAL,474,473,O_____________,tcvitals,14.9000,-60.4000, , ,111,956,3,127,104,92,104, , , , , , , , ,1010,208,12, , , , , , , , , , , , , , , , , , , , , , , , , , , , , , , , , , , , , , , , , , , , , , , , , , , , , , , , , , , , , , , , , , , , , , , , , , , , , , , , , , , , , , , , , , , , , , , , , , , , , , , , , , , , , , 
2017260N12308,2017,76,NA,CS,MARIA,2017-09-18 21:00:00,NR,15.0924,-60.7426, , , ,PROVISIONAL,493,493,P_____________, ,15.0924,-60.7426, , ,125,940,4,127,115,92,104, , , , , , , , ,1010,208,12, , , , , , , , , , , , , , , , , , , , , , , , , , , , , , , , , , , , , , , , , , , , , , , , , , , , , , , , , , , , , , , , , , , , , , , , , , , , , , , , , , , , , , , , , , , , , , , , , , , , , , , , , , , , , , 
2017260N12308,2017,76,NA,CS,MARIA,2017-09-19 00:00:00,NR,15.3000,-61.1000, , , ,PROVISIONAL,515,515,O_____________,tcvitals,15.3000,-61.1000, , ,140,924,5,127,127,92,104, , , , , , , , ,1010,208,12, , , , , , , , , , , , , , , , , , , , , , , , , , , , , , , , , , , , , , , , , , , , , , , , , , , , , , , , , , , , , , , , , , , , , , , , , , , , , , , , , , , , , , , , , , , , , , , , , , , , , , , , , , , , , , 
2017260N12308,2017,76,NA,CS,MARIA,2017-09-19 03:00:00,NR,15.5575,-61.4924, , , ,PROVISIONAL,524,476,P_____________, ,15.5575,-61.4924, , ,137,932,5,127,127,86,109, , , , , , , , ,1010,208,12, , , , , , , , , , , , , , , , , , , , , , , , , , , , , , , , , , , , , , , , , , , , , , , , , , , , , , , , , , , , , , , , , , , , , , , , , , , , , , , , , , , , , , , , , , , , , , , , , , , , , , , , , , , , , , 
2017260N12308,2017,76,NA,CS,MARIA,2017-09-19 06:00:00,NR,15.8000,-61.9000, , , ,PROVISIONAL,476,435,O_____________,tcvitals,15.8000,-61.9000, , ,134,940,4,127,127,81,115, , , , , , , , ,1010,208,12, , , , , , , , , , , , , , , , , , , , , , , , , , , , , , , , , , , , , , , , , , , , , , , , , , , , , , , , , , , , , , , , , , , , , , , , , , , , , , , , , , , , , , , , , , , , , , , , , , , , , , , , , , , , , , 
2017260N12308,2017,76,NA,CS,MARIA,2017-09-19 09:00:00,NR,15.9499,-62.2928, , , ,PROVISIONAL,435,387,P_____________, ,15.9499,-62.2928, , ,137,935,5,132,127,86,115, , , , , , , , ,1010,208,9, , , , , , , , , , , , , , , , , , , , , , , , , , , , , , , , , , , , , , , , , , , , , , , , , , , , , , , , , , , , , , , , , , , , , , , , , , , , , , , , , , , , , , , , , , , , , , , , , , , , , , , , , , , , , , 
2017260N12308,2017,76,NA,CS,MARIA,2017-09-19 12:00:00,NR,16.1000,-62.7000, , , ,PROVISIONAL,387,340,O_____________,tcvitals,16.1000,-62.7000, , ,140,931,5,138,127,92,115, , , , , , , , ,1010,208,6, , , , , , , , , , , , , , , , , , , , , , , , , , , , , , , , , , , , , , , , , , , , , , , , , , , , , , , , , , , , , , , , , , , , , , , , , , , , , , , , , , , , , , , , , , , , , , , , , , , , , , , , , , , , , , 
2017260N12308,2017,76,NA,CS,MARIA,2017-09-19 15:00:00,NR,16.3425,-63.1574, , , ,PROVISIONAL,331,277,P_____________, ,16.3425,-63.1574, , ,143,925,5,138,127,92,115, , , , , , , , ,1010,208,6, , , , , , , , , , , , , , , , , , , , , , , , , , , , , , , , , , , , , , , , , , , , , , , , , , , , , , , , , , , , , , , , , , , , , , , , , , , , , , , , , , , , , , , , , , , , , , , , , , , , , , , , , , , , , , 
2017260N12308,2017,76,NA,CS,MARIA,2017-09-19 18:00:00,NR,16.6000,-63.6000, , , ,PROVISIONAL,277,238,O_____________,tcvitals,16.6000,-63.6000, , ,146,920,5,138,127,92,115, , , , , , , , ,1010,208,6, , , , , , , , , , , , , , , , , , , , , , , , , , , , , , , , , , , , , , , , , , , , , , , , , , , , , , , , , , , , , , , , , , , , , , , , , , , , , , , , , , , , , , , , , , , , , , , , , , , , , , , , , , , , , , 
2017260N12308,2017,76,NA,CS,MARIA,2017-09-19 21:00:00,NR,16.7923,-63.9578, , , ,PROVISIONAL,230,192,P_____________, ,16.7923,-63.9578, , ,148,914,5,144,127,103,121, , , , , , , , ,1010,208,6, , , , , , , , , , , , , , , , , , , , , , , , , , , , , , , , , , , , , , , , , , , , , , , , , , , , , , , , , , , , , , , , , , , , , , , , , , , , , , , , , , , , , , , , , , , , , , , , , , , , , , , , , , , , , , 
2017260N12308,2017,76,NA,CS,MARIA,2017-09-20 00:00:00,NR,17.0000,-64.3000, , , ,PROVISIONAL,192,138,O_____________,tcvitals,17.0000,-64.3000, , ,150,909,5,150,127,115,127, , , , , , , , ,1010,208,6, , , , , , , , , , , , , , , , , , , , , , , , , , , , , , , , , , , , , , , , , , , , , , , , , , , , , , , , , , , , , , , , , , , , , , , , , , , , , , , , , , , , , , , , , , , , , , , , , , , , , , , , , , , , , , 
2017260N12308,2017,76,NA,CS,MARIA,2017-09-20 03:00:00,NR,17.2849,-64.6776, , , ,PROVISIONAL,138,85,P_____________, ,17.2849,-64.6776, , ,145,911,5,150,127,115,127, , , , , , , , ,1010,208,11, , , , , , , , , , , , , , , , , , , , , , , , , , , , , , , , , , , , , , , , , , , , , , , , , , , , , , , , , , , , , , , , , , , , , , , , , , , , , , , , , , , , , , , , , , , , , , , , , , , , , , , , , , , , , , 
2017260N12308,2017,76,NA,CS,MARIA,2017-09-20 06:00:00,NR,17.6000,-65.1000, , , ,PROVISIONAL,85,23,O_____________,tcvitals,17.6000,-65.1000, , ,140,913,5,150,127,115,127, , , , , , , , ,1010,208,17, , , , , , , , , , , , , , , , , , , , , , , , , , , , , , , , , , , , , , , , , , , , , , , , , , , , , , , , , , , , , , , , , , , , , , , , , , , , , , , , , , , , , , , , , , , , , , , , , , , , , , , , , , , , , , 
2017260N12308,2017,76,NA,CS,MARIA,2017-09-20 09:00:00,NR,17.9150,-65.5924, , , ,PROVISIONAL,23,0,P_____________, ,17.9150,-65.5924, , ,132,920,4,150,127,115,127, , , , , , , , ,1009,208,17, , , , , , , , , , , , , , , , , , , , , , , , , , , , , , , , , , , , , , , , , , , , , , , , , , , , , , , , , , , , , , , , , , , , , , , , , , , , , , , , , , , , , , , , , , , , , , , , , , , , , , , , , , , , , , 
2017260N12308,2017,76,NA,NA,MARIA,2017-09-20 12:00:00,NR,18.2000,-66.1000, , , ,PROVISIONAL,0,0,O_____________,tcvitals,18.2000,-66.1000, , ,124,927,4,150,127,115,127, , , , , , , , ,1009,208,17, , , , , , , , , , , , , , , , , , , , , , , , , , , , , , , , , , , , , , , , , , , , , , , , , , , , , , , , , , , , , , , , , , , , , , , , , , , , , , , , , , , , , , , , , , , , , , , , , , , , , , , , , , , , , , 
2017260N12308,2017,76,NA,NA,MARIA,2017-09-20 15:00:00,NR,18.4225,-66.5801, , , ,PROVISIONAL,0,0,P_____________, ,18.4225,-66.5801, , ,109,943,3,150,127,115,127, , , , , , , , ,1008,208,20, , , , , , , , , , , , , , , , , , , , , , , , , , , , , , , , , , , , , , , , , , , , , , , , , , , , , , , , , , , , , , , , , , , , , , , , , , , , , , , , , , , , , , , , , , , , , , , , , , , , , , , , , , , , , , 
2017260N12308,2017,76,NA,NA,MARIA,2017-09-20 18:00:00,NR,18.6000,-67.0000, , , ,PROVISIONAL,22,22,O_____________,tcvitals,18.6000,-67.0000, , ,95,959,2,150,127,115,127, , , , , , , , ,1008,208,23, , , , , , , , , , , , , , , , , , , , , , , , , , , , , , , , , , , , , , , , , , , , , , , , , , , , , , , , , , , , , , , , , , , , , , , , , , , , , , , , , , , , , , , , , , , , , , , , , , , , , , , , , , , , , , 
2017260N12308,2017,76,NA,NA,MARIA,2017-09-20 21:00:00,NR,18.7424,-67.3302, , , ,PROVISIONAL,33,33,P_____________, ,18.7424,-67.3302, , ,95,958,2,150,106,132,127, , , , , , , , ,1008,208,23, , , , , , , , , , , , , , , , , , , , , , , , , , , , , , , , , , , , , , , , , , , , , , , , , , , , , , , , , , , , , , , , , , , , , , , , , , , , , , , , , , , , , , , , , , , , , , , , , , , , , , , , , , , , , , 
2017260N12308,2017,76,NA,NA,MARIA,2017-09-21 00:00:00,NR,18.9000,-67.6000, , , ,PROVISIONAL,64,64,O_____________,tcvitals,18.9000,-67.6000, , ,95,958,2,150,86,150,127, , , , , , , , ,1008,208,23, , , , , , , , , , , , , , , , , , , , , , , , , , , , , , , , , , , , , , , , , , , , , , , , , , , , , , , , , , , , , , , , , , , , , , , , , , , , , , , , , , , , , , , , , , , , , , , , , , , , , , , , , , , , , , 
2017260N12308,2017,76,NA,NA,MARIA,2017-09-21 03:00:00,NR,19.1349,-67.8426, , , ,PROVISIONAL,76,70,P_____________, ,19.1349,-67.8426, , ,97,958,3,150,86,150,127, , , , , , , , ,1008,208,23, , , , , , , , , , , , , , , , , , , , , , , , , , , , , , , , , , , , , , , , , , , , , , , , , , , , , , , , , , , , , , , , , , , , , , , , , , , , , , , , , , , , , , , , , , , , , , , , , , , , , , , , , , , , , , 
2017260N12308,2017,76,NA,NA,MARIA,2017-09-21 06:00:00,NR,19.4000,-68.1000, , , ,PROVISIONAL,85,79,O_____________,tcvitals,19.4000,-68.1000, , ,99,959,3,150,86,150,127, , , , , , , , ,1008,208,23, , , , , , , , , , , , , , , , , , , , , , , , , , , , , , , , , , , , , , , , , , , , , , , , , , , , , , , , , , , , , , , , , , , , , , , , , , , , , , , , , , , , , , , , , , , , , , , , , , , , , , , , , , , , , , 
2017260N12308,2017,76,NA,NA,MARIA,2017-09-21 09:00:00,NR,19.6425,-68.4351, , , ,PROVISIONAL,88,84,P_____________, ,19.6425,-68.4351, , ,99,959,3,150,106,138,127, , , , , , , , ,1008,208,26, , , , , , , , , , , , , , , , , , , , , , , , , , , , , , , , , , , , , , , , , , , , , , , , , , , , , , , , , , , , , , , , , , , , , , , , , , , , , , , , , , , , , , , , , , , , , , , , , , , , , , , , , , , , , , 
2017260N12308,2017,76,NA,NA,MARIA,2017-09-21 12:00:00,NR,19.9000,-68.8000, , , ,PROVISIONAL,85,79,O_____________,tcvitals,19.9000,-68.8000, , ,99,959,3,150,127,127,127, , , , , , , , ,1008,208,29, , , , , , , , , , , , , , , , , , , , , , , , , , , , , , , , , , , , , , , , , , , , , , , , , , , , , , , , , , , , , , , , , , , , , , , , , , , , , , , , , , , , , , , , , , , , , , , , , , , , , , , , , , , , , , 
2017260N12308,2017,76,NA,NA,MARIA,2017-09-21 15:00:00,NR,20.2150,-69.1649, , , ,PROVISIONAL,101,101,P_____________, ,20.2150,-69.1649, , ,102,959,3,155,138,127,127, , , , , , , , ,1008,208,29, , , , , , , , , , , , , , , , , , , , , , , , , , , , , , , , , , , , , , , , , , , , , , , , , , , , , , , , , , , , , , , , , , , , , , , , , , , , , , , , , , , , , , , , , , , , , , , , , , , , , , , , , , , , , , 
2017260N12308,2017,76,NA,NA,MARIA,2017-09-21 18:00:00,NR,20.5000,-69.5000, , , ,PROVISIONAL,113,108,O_____________,tcvitals,20.5000,-69.5000, , ,105,960,3,161,150,127,127, , , , , , , , ,1008,208,29, , , , , , , , , , , , , , , , , , , , , , , , , , , , , , , , , , , , , , , , , , , , , , , , , , , , , , , , , , , , , , , , , , , , , , , , , , , , , , , , , , , , , , , , , , , , , , , , , , , , , , , , , , , , , , 
2017260N12308,2017,76,NA,NA,MARIA,2017-09-21 21:00:00,NR,20.6649,-69.7727, , , ,PROVISIONAL,124,123,P_____________, ,20.6649,-69.7727, , ,108,956,3,161,144,121,132, , , , , , , , ,1008,208,29, , , , , , , , , , , , , , , , , , , , , , , , , , , , , , , , , , , , , , , , , , , , , , , , , , , , , , , , , , , , , , , , , , , , , , , , , , , , , , , , , , , , , , , , , , , , , , , , , , , , , , , , , , , , , , 
2017260N12308,2017,76,NA,NA,MARIA,2017-09-22 00:00:00,NR,20.8000,-70.0000, , , ,PROVISIONAL,128,123,O_____________,tcvitals,20.8000,-70.0000, , ,111,953,3,161,138,115,138, , , , , , , , ,1008,208,29, , , , , , , , , , , , , , , , , , , , , , , , , , , , , , , , , , , , , , , , , , , , , , , , , , , , , , , , , , , , , , , , , , , , , , , , , , , , , , , , , , , , , , , , , , , , , , , , , , , , , , , , , , , , , , 
2017260N12308,2017,76,NA,NA,MARIA,2017-09-22 03:00:00,NR,20.9699,-70.2002, , , ,PROVISIONAL,140,137,P_____________, ,20.9699,-70.2002, , ,111,956,3,161,138,115,144, , , , , , , , ,1007,208,26, , , , , , , , , , , , , , , , , , , , , , , , , , , , , , , , , , , , , , , , , , , , , , , , , , , , , , , , , , , , , , , , , , , , , , , , , , , , , , , , , , , , , , , , , , , , , , , , , , , , , , , , , , , , , , 
2017260N12308,2017,76,NA,NA,MARIA,2017-09-22 06:00:00,NR,21.2000,-70.4000, , , ,PROVISIONAL,157,157,O_____________,tcvitals,21.2000,-70.4000, , ,111,959,3,161,138,115,150, , , , , , , , ,1007,208,23, , , , , , , , , , , , , , , , , , , , , , , , , , , , , , , , , , , , , , , , , , , , , , , , , , , , , , , , , , , , , , , , , , , , , , , , , , , , , , , , , , , , , , , , , , , , , , , , , , , , , , , , , , , , , , 
2017260N12308,2017,76,NA,NA,MARIA,2017-09-22 09:00:00,NR,21.5126,-70.6574, , , ,PROVISIONAL,190,190,P_____________, ,21.5126,-70.6574, , ,111,958,3,161,138,115,150, , , , , , , , ,1007,208,26, , , , , , , , , , , , , , , , , , , , , , , , , , , , , , , , , , , , , , , , , , , , , , , , , , , , , , , , , , , , , , , , , , , , , , , , , , , , , , , , , , , , , , , , , , , , , , , , , , , , , , , , , , , , , , 
2017260N12308,2017,76,NA,NA,MARIA,2017-09-22 12:00:00,NR,21.9000,-70.9000, , , ,PROVISIONAL,230,225,O_____________,tcvitals,21.9000,-70.9000, , ,111,958,3,161,138,115,150, , , , , , , , ,1008,208,29, , , , , , , , , , , , , , , , , , , , , , , , , , , , , , , , , , , , , , , , , , , , , , , , , , , , , , , , , , , , , , , , , , , , , , , , , , , , , , , , , , , , , , , , , , , , , , , , , , , , , , , , , , , , , , 
2017260N12308,2017,76,NA,NA,MARIA,2017-09-22 15:00:00,NR,22.3349,-71.0577, , , ,PROVISIONAL,231,231,P_____________, ,22.3349,-71.0577, , ,111,958,3,161,144,109,144, , , , , , , , ,1008,208,29, , , , , , , , , , , , , , , , , , , , , , , , , , , , , , , , , , , , , , , , , , , , , , , , , , , , , , , , , , , , , , , , , , , , , , , , , , , , , , , , , , , , , , , , , , , , , , , , , , , , , , , , , , , , , , 
2017260N12308,2017,76,NA,NA,MARIA,2017-09-22 18:00:00,NR,22.8000,-71.2000, , , ,PROVISIONAL,257,257,O_____________,tcvitals,22.8000,-71.2000, , ,111,959,3,161,150,104,138, , , , , , , , ,1008,208,29, , , , , , , , , , , , , , , , , , , , , , , , , , , , , , , , , , , , , , , , , , , , , , , , , , , , , , , , , , , , , , , , , , , , , , , , , , , , , , , , , , , , , , , , , , , , , , , , , , , , , , , , , , , , , , 
2017260N12308,2017,76,NA,NA,MARIA,2017-09-22 21:00:00,NR,23.2650,-71.3999, , , ,PROVISIONAL,286,286,P_____________, ,23.2650,-71.3999, , ,111,956,3,173,150,104,138, , , , , , , , ,1008,208,29, , , , , , , , , , , , , , , , , , , , , , , , , , , , , , , , , , , , , , , , , , , , , , , , , , , , , , , , , , , , , , , , , , , , , , , , , , , , , , , , , , , , , , , , , , , , , , , , , , , , , , , , , , , , , , 
2017260N12308,2017,76,NA,NA,MARIA,2017-09-23 00:00:00,NR,23.7000,-71.6000, , , ,PROVISIONAL,314,314,O_____________,tcvitals,23.7000,-71.6000, , ,111,953,3,185,150,104,138, , , , , , , , ,1008,208,29, , , , , , , , , , , , , , , , , , , , , , , , , , , , , , , , , , , , , , , , , , , , , , , , , , , , , , , , , , , , , , , , , , , , , , , , , , , , , , , , , , , , , , , , , , , , , , , , , , , , , , , , , , , , , , 
2017260N12308,2017,76,NA,NA,MARIA,2017-09-23 03:00:00,NR,24.0725,-71.7577, , , ,PROVISIONAL,346,346,P_____________, ,24.0725,-71.7577, , ,108,952,3,190,173,109,138, , , , , , , , ,1008,208,26, , , , , , , , , , , , , , , , , , , , , , , , , , , , , , , , , , , , , , , , , , , , , , , , , , , , , , , , , , , , , , , , , , , , , , , , , , , , , , , , , , , , , , , , , , , , , , , , , , , , , , , , , , , , , , 
2017260N12308,2017,76,NA,NA,MARIA,2017-09-23 06:00:00,NR,24.4000,-71.9000, , , ,PROVISIONAL,375,375,O_____________,tcvitals,24.4000,-71.9000, , ,105,952,3,196,196,115,138, , , , , , , , ,1008,208,23, , , , , , , , , , , , , , , , , , , , , , , , , , , , , , , , , , , , , , , , , , , , , , , , , , , , , , , , , , , , , , , , , , , , , , , , , , , , , , , , , , , , , , , , , , , , , , , , , , , , , , , , , , , , , , 
2017260N12308,2017,76,NA,NA,MARIA,2017-09-23 09:00:00,NR,24.6850,-72.0576, , , ,PROVISIONAL,401,401,P_____________, ,24.6850,-72.0576, , ,105,952,3,196,196,115,155, , , , , , , , ,1008,225,23, , , , , , , , , , , , , , , , , , , , , , , , , , , , , , , , , , , , , , , , , , , , , , , , , , , , , , , , , , , , , , , , , , , , , , , , , , , , , , , , , , , , , , , , , , , , , , , , , , , , , , , , , , , , , , 
2017260N12308,2017,76,NA,NA,MARIA,2017-09-23 12:00:00,NR,25.0000,-72.2000, , , ,PROVISIONAL,432,432,O_____________,tcvitals,25.0000,-72.2000, , ,105,952,3,196,196,115,173, , , , , , , , ,1008,242,23, , , , , , , , , , , , , , , , , , , , , , , , , , , , , , , , , , , , , , , , , , , , , , , , , , , , , , , , , , , , , , , , , , , , , , , , , , , , , , , , , , , , , , , , , , , , , , , , , , , , , , , , , , , , , , 
2017260N12308,2017,76,NA,NA,MARIA,2017-09-23 15:00:00,NR,25.4425,-72.3224, , , ,PROVISIONAL,474,474,P_____________, ,25.4425,-72.3224, , ,102,952,3,219,213,115,173, , , , , , , , ,1008,242,23, , , , , , , , , , , , , , , , , , , , , , , , , , , , , , , , , , , , , , , , , , , , , , , , , , , , , , , , , , , , , , , , , , , , , , , , , , , , , , , , , , , , , , , , , , , , , , , , , , , , , , , , , , , , , , 
2017260N12308,2017,76,NA,NA,MARIA,2017-09-23 18:00:00,NR,25.9000,-72.4000, , , ,PROVISIONAL,528,528,O_____________,tcvitals,25.9000,-72.4000, , ,99,952,3,242,231,115,173, , , , , , , , ,1008,242,23, , , , , , , , , , , , , , , , , , , , , , , , , , , , , , , , , , , , , , , , , , , , , , , , , , , , , , , , , , , , , , , , , , , , , , , , , , , , , , , , , , , , , , , , , , , , , , , , , , , , , , , , , , , , , , 
2017260N12308,2017,76,NA,NA,MARIA,2017-09-23 21:00:00,NR,26.2500,-72.4077, , , ,PROVISIONAL,562,562,P_____________, ,26.2500,-72.4077, , ,99,948,3,242,231,115,173, , , , , , , , ,1008,242,23, , , , , , , , , , , , , , , , , , , , , , , , , , , , , , , , , , , , , , , , , , , , , , , , , , , , , , , , , , , , , , , , , , , , , , , , , , , , , , , , , , , , , , , , , , , , , , , , , , , , , , , , , , , , , , 
2017260N12308,2017,76,NA,NA,MARIA,2017-09-24 00:00:00,NR,26.6000,-72.4000, , , ,PROVISIONAL,580,580,O_____________,tcvitals,26.6000,-72.4000, , ,99,945,3,242,231,115,173, , , , , , , , ,1008,242,23, , , , , , , , , , , , , , , , , , , , , , , , , , , , , , , , , , , , , , , , , , , , , , , , , , , , , , , , , , , , , , , , , , , , , , , , , , , , , , , , , , , , , , , , , , , , , , , , , , , , , , , , , , , , , , 
2017260N12308,2017,76,NA,NA,MARIA,2017-09-24 03:00:00,NR,27.0350,-72.4276, , , ,PROVISIONAL,597,596,P_____________, ,27.0350,-72.4276, , ,99,943,3,242,231,126,179, , , , , , , , ,1008,242,23, , , , , , , , , , , , , , , , , , , , , , , , , , , , , , , , , , , , , , , , , , , , , , , , , , , , , , , , , , , , , , , , , , , , , , , , , , , , , , , , , , , , , , , , , , , , , , , , , , , , , , , , , , , , , , 
2017260N12308,2017,76,NA,NA,MARIA,2017-09-24 06:00:00,NR,27.5000,-72.5000, , , ,PROVISIONAL,609,609,O_____________,tcvitals,27.5000,-72.5000, , ,99,942,3,242,231,138,185, , , , , , , , ,1008,242,23, , , , , , , , , , , , , , , , , , , , , , , , , , , , , , , , , , , , , , , , , , , , , , , , , , , , , , , , , , , , , , , , , , , , , , , , , , , , , , , , , , , , , , , , , , , , , , , , , , , , , , , , , , , , , , 
2017260N12308,2017,76,NA,NA,MARIA,2017-09-24 09:00:00,NR,27.9650,-72.6423, , , ,PROVISIONAL,626,618,P_____________, ,27.9650,-72.6423, , ,97,944,3,242,231,138,185, , , , , , , , ,1008,242,23, , , , , , , , , , , , , , , , , , , , , , , , , , , , , , , , , , , , , , , , , , , , , , , , , , , , , , , , , , , , , , , , , , , , , , , , , , , , , , , , , , , , , , , , , , , , , , , , , , , , , , , , , , , , , , 
2017260N12308,2017,76,NA,NA,MARIA,2017-09-24 12:00:00,NR,28.4000,-72.8000, , , ,PROVISIONAL,633,633,O_____________,tcvitals,28.4000,-72.8000, , ,95,947,2,242,231,138,185, , , , , , , , ,1008,242,23, , , , , , , , , , , , , , , , , , , , , , , , , , , , , , , , , , , , , , , , , , , , , , , , , , , , , , , , , , , , , , , , , , , , , , , , , , , , , , , , , , , , , , , , , , , , , , , , , , , , , , , , , , , , , , 
2017260N12308,2017,76,NA,NA,MARIA,2017-09-24 15:00:00,NR,28.7725,-72.9300, , , ,PROVISIONAL,652,644,P_____________, ,28.7725,-72.9300, , ,92,945,2,236,231,149,185, , , , , , , , ,1009,259,23, , , , , , , , , , , , , , , , , , , , , , , , , , , , , , , , , , , , , , , , , , , , , , , , , , , , , , , , , , , , , , , , , , , , , , , , , , , , , , , , , , , , , , , , , , , , , , , , , , , , , , , , , , , , , , 
2017260N12308,2017,76,NA,NA,MARIA,2017-09-24 18:00:00,NR,29.1000,-73.0000, , , ,PROVISIONAL,666,666,O_____________,tcvitals,29.1000,-73.0000, , ,89,943,2,231,231,161,185, , , , , , , , ,1010,277,23, , , , , , , , , , , , , , , , , , , , , , , , , , , , , , , , , , , , , , , , , , , , , , , , , , , , , , , , , , , , , , , , , , , , , , , , , , , , , , , , , , , , , , , , , , , , , , , , , , , , , , , , , , , , , , 
2017260N12308,2017,76,NA,NA,MARIA,2017-09-24 21:00:00,NR,29.4075,-72.9578, , , ,PROVISIONAL,676,652,P_____________, ,29.4075,-72.9578, , ,87,945,2,231,231,161,185, , , , , , , , ,1010,277,23, , , , , , , , , , , , , , , , , , , , , , , , , , , , , , , , , , , , , , , , , , , , , , , , , , , , , , , , , , , , , , , , , , , , , , , , , , , , , , , , , , , , , , , , , , , , , , , , , , , , , , , , , , , , , , 
2017260N12308,2017,76,NA,NA,MARIA,2017-09-25 00:00:00,NR,29.7000,-72.9000, , , ,PROVISIONAL,652,623,O_____________,tcvitals,29.7000,-72.9000, , ,86,947,2,231,231,161,185, , , , , , , , ,1010,277,23, , , , , , , , , , , , , , , , , , , , , , , , , , , , , , , , , , , , , , , , , , , , , , , , , , , , , , , , , , , , , , , , , , , , , , , , , , , , , , , , , , , , , , , , , , , , , , , , , , , , , , , , , , , , , , 
2017260N12308,2017,76,NA,NA,MARIA,2017-09-25 03:00:00,NR,30.0075,-72.9423, , , ,PROVISIONAL,623,589,P_____________, ,30.0075,-72.9423, , ,81,950,1,231,231,173,190, , , , , , , , ,1010,277,23, , , , , , , , , , , , , , , , , , , , , , , , , , , , , , , , , , , , , , , , , , , , , , , , , , , , , , , , , , , , , , , , , , , , , , , , , , , , , , , , , , , , , , , , , , , , , , , , , , , , , , , , , , , , , , 
2017260N12308,2017,76,NA,NA,MARIA,2017-09-25 06:00:00,NR,30.3000,-73.0000, , , ,PROVISIONAL,589,571,O_____________,tcvitals,30.3000,-73.0000, , ,76,954,1,231,231,185,196, , , , , , , , ,1010,277,23, , , , , , , , , , , , , , , , , , , , , , , , , , , , , , , , , , , , , , , , , , , , , , , , , , , , , , , , , , , , , , , , , , , , , , , , , , , , , , , , , , , , , , , , , , , , , , , , , , , , , , , , , , , , , , 
2017260N12308,2017,76,NA,NA,MARIA,2017-09-25 09:00:00,NR,30.5500,-73.0001, , , ,PROVISIONAL,571,543,P_____________, ,30.5500,-73.0001, , ,70,957,1,219,219,185,190, , , , , , , , ,1010,282,46, , , , , , , , , , , , , , , , , , , , , , , , , , , , , , , , , , , , , , , , , , , , , , , , , , , , , , , , , , , , , , , , , , , , , , , , , , , , , , , , , , , , , , , , , , , , , , , , , , , , , , , , , , , , , , 
2017260N12308,2017,76,NA,NA,MARIA,2017-09-25 12:00:00,NR,30.8000,-73.0000, , , ,PROVISIONAL,543,511,O_____________,tcvitals,30.8000,-73.0000, , ,64,961,1,208,208,185,185, , , , , , , , ,1010,288,69, , , , , , , , , , , , , , , , , , , , , , , , , , , , , , , , , , , , , , , , , , , , , , , , , , , , , , , , , , , , , , , , , , , , , , , , , , , , , , , , , , , , , , , , , , , , , , , , , , , , , , , , , , , , , , 
2017260N12308,2017,76,NA,NA,MARIA,2017-09-25 15:00:00,NR,31.0925,-73.0573, , , ,PROVISIONAL,511,485,P_____________, ,31.0925,-73.0573, , ,67,963,1,208,208,185,185, , , , , , , , ,1010,288,75, , , , , , , , , , , , , , , , , , , , , , , , , , , , , , , , , , , , , , , , , , , , , , , , , , , , , , , , , , , , , , , , , , , , , , , , , , , , , , , , , , , , , , , , , , , , , , , , , , , , , , , , , , , , , , 
2017260N12308,2017,76,NA,NA,MARIA,2017-09-25 18:00:00,NR,31.4000,-73.1000, , , ,PROVISIONAL,485,459,O_____________,tcvitals,31.4000,-73.1000, , ,70,966,1,208,208,185,185, , , , , , , , ,1010,288,81, , , , , , , , , , , , , , , , , , , , , , , , , , , , , , , , , , , , , , , , , , , , , , , , , , , , , , , , , , , , , , , , , , , , , , , , , , , , , , , , , , , , , , , , , , , , , , , , , , , , , , , , , , , , , , 
2017260N12308,2017,76,NA,NA,MARIA,2017-09-25 21:00:00,NR,31.7000,-73.0503, , , ,PROVISIONAL,459,442,P_____________, ,31.7000,-73.0503, , ,70,966,1,208,208,185,185, , , , , , , , ,1010,288,81, , , , , , , , , , , , , , , , , , , , , , , , , , , , , , , , , , , , , , , , , , , , , , , , , , , , , , , , , , , , , , , , , , , , , , , , , , , , , , , , , , , , , , , , , , , , , , , , , , , , , , , , , , , , , , 
2017260N12308,2017,76,NA,NA,MARIA,2017-09-26 00:00:00,NR,32.0000,-73.0000, , , ,PROVISIONAL,442,420,O_____________,tcvitals,32.0000,-73.0000, , ,70,966,1,208,208,185,185, , , , , , , , ,1010,288,81, , , , , , , , , , , , , , , , , , , , , , , , , , , , , , , , , , , , , , , , , , , , , , , , , , , , , , , , , , , , , , , , , , , , , , , , , , , , , , , , , , , , , , , , , , , , , , , , , , , , , , , , , , , , , , 
2017260N12308,2017,76,NA,NA,MARIA,2017-09-26 03:00:00,NR,32.2925,-73.0423, , , ,PROVISIONAL,420,391,P_____________, ,32.2925,-73.0423, , ,67,968,1,219,225,185,185, , , , , , , , ,1010,288,81, , , , , , , , , , , , , , , , , , , , , , , , , , , , , , , , , , , , , , , , , , , , , , , , , , , , , , , , , , , , , , , , , , , , , , , , , , , , , , , , , , , , , , , , , , , , , , , , , , , , , , , , , , , , , , 
2017260N12308,2017,76,NA,NA,MARIA,2017-09-26 06:00:00,NR,32.6000,-73.1000, , , ,PROVISIONAL,391,369,O_____________,tcvitals,32.6000,-73.1000, , ,64,970,1,231,242,185,185, , , , , , , , ,1010,288,81, , , , , , , , , , , , , , , , , , , , , , , , , , , , , , , , , , , , , , , , , , , , , , , , , , , , , , , , , , , , , , , , , , , , , , , , , , , , , , , , , , , , , , , , , , , , , , , , , , , , , , , , , , , , , , 
2017260N12308,2017,76,NA,NA,MARIA,2017-09-26 09:00:00,NR,32.9500,-73.1076, , , ,PROVISIONAL,362,343,P_____________, ,32.9500,-73.1076, , ,64,970,1,231,242,185,185, , , , , , , , ,1011,316,86, , , , , , , , , , , , , , , , , , , , , , , , , , , , , , , , , , , , , , , , , , , , , , , , , , , , , , , , , , , , , , , , , , , , , , , , , , , , , , , , , , , , , , , , , , , , , , , , , , , , , , , , , , , , , , 
2017260N12308,2017,76,NA,NA,MARIA,2017-09-26 12:00:00,NR,33.3000,-73.1000, , , ,PROVISIONAL,343,325,O_____________,tcvitals,33.3000,-73.1000, , ,64,970,1,231,242,185,185, , , , , , , , ,1012,345,92, , , , , , , , , , , , , , , , , , , , , , , , , , , , , , , , , , , , , , , , , , , , , , , , , , , , , , , , , , , , , , , , , , , , , , , , , , , , , , , , , , , , , , , , , , , , , , , , , , , , , , , , , , , , , , 
2017260N12308,2017,76,NA,NA,MARIA,2017-09-26 15:00:00,NR,33.6000,-73.1148, , , ,PROVISIONAL,325,303,P_____________, ,33.6000,-73.1148, , ,62,972,0,231,236,185,185, , , , , , , , ,1011,331,92, , , , , , , , , , , , , , , , , , , , , , , , , , , , , , , , , , , , , , , , , , , , , , , , , , , , , , , , , , , , , , , , , , , , , , , , , , , , , , , , , , , , , , , , , , , , , , , , , , , , , , , , , , , , , , 
2017260N12308,2017,76,NA,NA,MARIA,2017-09-26 18:00:00,NR,33.9000,-73.1000, , , ,PROVISIONAL,303,281,O_____________,tcvitals,33.9000,-73.1000, , ,60,975,0,231,231,185,185, , , , , , , , ,1010,317,92, , , , , , , , , , , , , , , , , , , , , , , , , , , , , , , , , , , , , , , , , , , , , , , , , , , , , , , , , , , , , , , , , , , , , , , , , , , , , , , , , , , , , , , , , , , , , , , , , , , , , , , , , , , , , , 
2017260N12308,2017,76,NA,NA,MARIA,2017-09-26 21:00:00,NR,34.2725,-72.9929, , , ,PROVISIONAL,281,270,P_____________, ,34.2725,-72.9929, , ,60,975,0,231,231,185,185, , , , , , , , ,1010,317,92, , , , , , , , , , , , , , , , , , , , , , , , , , , , , , , , , , , , , , , , , , , , , , , , , , , , , , , , , , , , , , , , , , , , , , , , , , , , , , , , , , , , , , , , , , , , , , , , , , , , , , , , , , , , , , 
2017260N12308,2017,76,NA,NA,MARIA,2017-09-27 00:00:00,NR,34.6000,-72.9000, , , ,PROVISIONAL,270,260,O_____________,tcvitals,34.6000,-72.9000, , ,60,975,0,231,231,185,185, , , , , , , , ,1010,317,92, , , , , , , , , , , , , , , , , , , , , , , , , , , , , , , , , , , , , , , , , , , , , , , , , , , , , , , , , , , , , , , , , , , , , , , , , , , , , , , , , , , , , , , , , , , , , , , , , , , , , , , , , , , , , , 
2017260N12308,2017,76,NA,NA,MARIA,2017-09-27 03:00:00,NR,34.7650,-72.9497, , , ,PROVISIONAL,260,247,P_____________, ,34.7650,-72.9497, , ,60,975,0,231,231,196,179, , , , , , , , ,1010,342,86, , , , , , , , , , , , , , , , , , , , , , , , , , , , , , , , , , , , , , , , , , , , , , , , , , , , , , , , , , , , , , , , , , , , , , , , , , , , , , , , , , , , , , , , , , , , , , , , , , , , , , , , , , , , , , 
2017260N12308,2017,76,NA,NA,MARIA,2017-09-27 06:00:00,NR,34.9000,-73.0000, , , ,PROVISIONAL,247,239,O_____________,tcvitals,34.9000,-73.0000, , ,60,976,0,231,231,208,173, , , , , , , , ,1011,368,81, , , , , , , , , , , , , , , , , , , , , , , , , , , , , , , , , , , , , , , , , , , , , , , , , , , , , , , , , , , , , , , , , , , , , , , , , , , , , , , , , , , , , , , , , , , , , , , , , , , , , , , , , , , , , , 
2017260N12308,2017,76,NA,NA,MARIA,2017-09-27 09:00:00,NR,35.1275,-72.9374, , , ,PROVISIONAL,247,241,P_____________, ,35.1275,-72.9374, , ,60,976,0,231,231,196,173, , , , , , , , ,1010,345,81, , , , , , , , , , , , , , , , , , , , , , , , , , , , , , , , , , , , , , , , , , , , , , , , , , , , , , , , , , , , , , , , , , , , , , , , , , , , , , , , , , , , , , , , , , , , , , , , , , , , , , , , , , , , , , 
2017260N12308,2017,76,NA,NA,MARIA,2017-09-27 12:00:00,NR,35.4000,-72.8000, , , ,PROVISIONAL,247,245,O_____________,tcvitals,35.4000,-72.8000, , ,60,977,0,231,231,185,173, , , , , , , , ,1010,323,81, , , , , , , , , , , , , , , , , , , , , , , , , , , , , , , , , , , , , , , , , , , , , , , , , , , , , , , , , , , , , , , , , , , , , , , , , , , , , , , , , , , , , , , , , , , , , , , , , , , , , , , , , , , , , , 
2017260N12308,2017,76,NA,NA,MARIA,2017-09-27 15:00:00,NR,35.6999,-72.6300, , , ,PROVISIONAL,261,260,P_____________, ,35.6999,-72.6300, , ,62,978,0,231,231,179,173, , , , , , , , ,1009,323,81, , , , , , , , , , , , , , , , , , , , , , , , , , , , , , , , , , , , , , , , , , , , , , , , , , , , , , , , , , , , , , , , , , , , , , , , , , , , , , , , , , , , , , , , , , , , , , , , , , , , , , , , , , , , , , 
2017260N12308,2017,76,NA,NA,MARIA,2017-09-27 18:00:00,NR,36.0000,-72.4000, , , ,PROVISIONAL,279,279,O_____________,tcvitals,36.0000,-72.4000, , ,64,979,1,231,231,173,173, , , , , , , , ,1009,323,81, , , , , , , , , , , , , , , , , , , , , , , , , , , , , , , , , , , , , , , , , , , , , , , , , , , , , , , , , , , , , , , , , , , , , , , , , , , , , , , , , , , , , , , , , , , , , , , , , , , , , , , , , , , , , , 
2017260N12308,2017,76,NA,NA,MARIA,2017-09-27 21:00:00,NR,36.2726,-72.1076, , , ,PROVISIONAL,309,309,P_____________, ,36.2726,-72.1076, , ,64,979,1,231,231,173,173, , , , , , , , ,1009,323,81, , , , , , , , , , , , , , , , , , , , , , , , , , , , , , , , , , , , , , , , , , , , , , , , , , , , , , , , , , , , , , , , , , , , , , , , , , , , , , , , , , , , , , , , , , , , , , , , , , , , , , , , , , , , , , 
2017260N12308,2017,76,NA,NA,MARIA,2017-09-28 00:00:00,NR,36.5000,-71.8000, , , ,PROVISIONAL,340,340,O_____________,tcvitals,36.5000,-71.8000, , ,64,979,1,231,231,173,173, , , , , , , , ,1009,323,81, , , , , , , , , , , , , , , , , , , , , , , , , , , , , , , , , , , , , , , , , , , , , , , , , , , , , , , , , , , , , , , , , , , , , , , , , , , , , , , , , , , , , , , , , , , , , , , , , , , , , , , , , , , , , , 
2017260N12308,2017,76,NA,NA,MARIA,2017-09-28 03:00:00,NR,36.6868,-71.6023, , , ,PROVISIONAL,355,355,P_____________, ,36.6868,-71.6023, , ,62,980,0,219,236,179,173, , , , , , , , ,1007,282,81, , , , , , , , , , , , , , , , , , , , , , , , , , , , , , , , , , , , , , , , , , , , , , , , , , , , , , , , , , , , , , , , , , , , , , , , , , , , , , , , , , , , , , , , , , , , , , , , , , , , , , , , , , , , , , 
2017260N12308,2017,76,NA,NA,MARIA,2017-09-28 06:00:00,NR,36.8000,-71.3000, , , ,PROVISIONAL,373,373,O_____________,tcvitals,36.8000,-71.3000, , ,60,982,0,208,242,185,173, , , , , , , , ,1006,242,81, , , , , , , , , , , , , , , , , , , , , , , , , , , , , , , , , , , , , , , , , , , , , , , , , , , , , , , , , , , , , , , , , , , , , , , , , , , , , , , , , , , , , , , , , , , , , , , , , , , , , , , , , , , , , , 
2017260N12308,2017,76,NA,NA,MARIA,2017-09-28 09:00:00,NR,36.8228,-70.7172, , , ,PROVISIONAL,421,421,P_____________, ,36.8228,-70.7172, , ,60,982,0,208,242,185,173, , , , , , , , ,1006,242,81, , , , , , , , , , , , , , , , , , , , , , , , , , , , , , , , , , , , , , , , , , , , , , , , , , , , , , , , , , , , , , , , , , , , , , , , , , , , , , , , , , , , , , , , , , , , , , , , , , , , , , , , , , , , , , 
2017260N12308,2017,76,NA,NA,MARIA,2017-09-28 12:00:00,NR,36.8000,-70.0000, , , ,PROVISIONAL,478,478,O_____________,tcvitals,36.8000,-70.0000, , ,60,982,0,208,242,185,173, , , , , , , , ,1006,242,81, , , , , , , , , , , , , , , , , , , , , , , , , , , , , , , , , , , , , , , , , , , , , , , , , , , , , , , , , , , , , , , , , , , , , , , , , , , , , , , , , , , , , , , , , , , , , , , , , , , , , , , , , , , , , , 
2017260N12308,2017,76,NA,NA,MARIA,2017-09-28 15:00:00,NR,36.7916,-69.3372, , , ,PROVISIONAL,528,528,P_____________, ,36.7916,-69.3372, , ,57,983,0,208,242,185,173, , , , , , , , ,1006,242,81, , , , , , , , , , , , , , , , , , , , , , , , , , , , , , , , , , , , , , , , , , , , , , , , , , , , , , , , , , , , , , , , , , , , , , , , , , , , , , , , , , , , , , , , , , , , , , , , , , , , , , , , , , , , , , 
2017260N12308,2017,76,NA,NA,MARIA,2017-09-28 18:00:00,NR,36.8000,-68.6000, , , ,PROVISIONAL,553,553,O_____________,tcvitals,36.8000,-68.6000, , ,54,985,0,208,242,185,173, , , , , , , , ,1006,242,81, , , , , , , , , , , , , , , , , , , , , , , , , , , , , , , , , , , , , , , , , , , , , , , , , , , , , , , , , , , , , , , , , , , , , , , , , , , , , , , , , , , , , , , , , , , , , , , , , , , , , , , , , , , , , , 
2017260N12308,2017,76,NA,NA,MARIA,2017-09-28 21:00:00,NR,36.8419,-67.7526, , , ,PROVISIONAL,577,572,P_____________, ,36.8419,-67.7526, , ,54,985,0,208,236,185,173, , , , , , , , ,1005,242,81, , , , , , , , , , , , , , , , , , , , , , , , , , , , , , , , , , , , , , , , , , , , , , , , , , , , , , , , , , , , , , , , , , , , , , , , , , , , , , , , , , , , , , , , , , , , , , , , , , , , , , , , , , , , , , 
2017260N12308,2017,76,NA,NA,MARIA,2017-09-29 00:00:00,NR,36.9000,-66.8000, , , ,PROVISIONAL,600,600,O_____________,tcvitals,36.9000,-66.8000, , ,54,985,0,208,231,185,173, , , , , , , , ,1004,242,81, , , , , , , , , , , , , , , , , , , , , , , , , , , , , , , , , , , , , , , , , , , , , , , , , , , , , , , , , , , , , , , , , , , , , , , , , , , , , , , , , , , , , , , , , , , , , , , , , , , , , , , , , , , , , , 
2017260N12308,2017,76,NA,NA,MARIA,2017-09-29 03:00:00,NR,36.9401,-65.8392, , , ,PROVISIONAL,644,644,P_____________, ,36.9401,-65.8392, , ,52,986,0,161,236,219,190, , , , , , , , ,1002,207,92, , , , , , , , , , , , , , , , , , , , , , , , , , , , , , , , , , , , , , , , , , , , , , , , , , , , , , , , , , , , , , , , , , , , , , , , , , , , , , , , , , , , , , , , , , , , , , , , , , , , , , , , , , , , , , 
2017260N12308,2017,76,NA,NA,MARIA,2017-09-29 06:00:00,NR,37.0000,-64.7000, , , ,PROVISIONAL,692,692,O_____________,tcvitals,37.0000,-64.7000, , ,51,987,0,115,242,254,208, , , , , , , , ,1001,173,104, , , , , , , , , , , , , , , , , , , , , , , , , , , , , , , , , , , , , , , , , , , , , , , , , , , , , , , , , , , , , , , , , , , , , , , , , , , , , , , , , , , , , , , , , , , , , , , , , , , , , , , , , , , , , , 
2017260N12308,2017,76,NA,NA,MARIA,2017-09-29 09:00:00,NR,37.0937,-63.2452, , , ,PROVISIONAL,733,733,P_____________, ,37.0937,-63.2452, , ,51,987,0,115,242,254,208, , , , , , , , ,1001,173,104, , , , , , , , , , , , , , , , , , , , , , , , , , , , , , , , , , , , , , , , , , , , , , , , , , , , , , , , , , , , , , , , , , , , , , , , , , , , , , , , , , , , , , , , , , , , , , , , , , , , , , , , , , , , , , 
2017260N12308,2017,76,NA,NA,MARIA,2017-09-29 12:00:00,NR,37.2000,-61.7000, , , ,PROVISIONAL,763,763,O_____________,tcvitals,37.2000,-61.7000, , ,51,988,0,115,242,254,208, , , , , , , , ,1001,173,104, , , , , , , , , , , , , , , , , , , , , , , , , , , , , , , , , , , , , , , , , , , , , , , , , , , , , , , , , , , , , , , , , , , , , , , , , , , , , , , , , , , , , , , , , , , , , , , , , , , , , , , , , , , , , , 
2017260N12308,2017,76,NA,NA,MARIA,2017-09-29 15:00:00,NR,37.2583,-60.3769, , , ,PROVISIONAL,804,804,P_____________, ,37.2583,-60.3769, , ,51,988,0,115,248,254,208, , , , , , , , ,1001,173,104, , , , , , , , , , , , , , , , , , , , , , , , , , , , , , , , , , , , , , , , , , , , , , , , , , , , , , , , , , , , , , , , , , , , , , , , , , , , , , , , , , , , , , , , , , , , , , , , , , , , , , , , , , , , , , 
2017260N12308,2017,76,NA,NA,MARIA,2017-09-29 18:00:00,NR,37.4000,-59.0000, , , ,PROVISIONAL,861,861,O_____________,tcvitals,37.4000,-59.0000, , ,51,988,0,115,254,254,208, , , , , , , , ,1001,173,104, , , , , , , , , , , , , , , , , , , , , , , , , , , , , , , , , , , , , , , , , , , , , , , , , , , , , , , , , , , , , , , , , , , , , , , , , , , , , , , , , , , , , , , , , , , , , , , , , , , , , , , , , , , , , , 
2017260N12308,2017,76,NA,NA,MARIA,2017-09-29 21:00:00,NR,37.6898,-57.3520, , , ,PROVISIONAL,888,888,P_____________, ,37.6898,-57.3520, , ,51,988,0,115,254,254,208, , , , , , , , ,1001,173,104, , , , , , , , , , , , , , , , , , , , , , , , , , , , , , , , , , , , , , , , , , , , , , , , , , , , , , , , , , , , , , , , , , , , , , , , , , , , , , , , , , , , , , , , , , , , , , , , , , , , , , , , , , , , , , 
2017260N12308,2017,76,NA,NA,MARIA,2017-09-30 00:00:00,NR,38.1000,-55.6000, , , ,PROVISIONAL,911,890,O_____________,tcvitals,38.1000,-55.6000, , ,51,988,0,115,254,254,208, , , , , , , , ,1001,173,104, , , , , , , , , , , , , , , , , , , , , , , , , , , , , , , , , , , , , , , , , , , , , , , , , , , , , , , , , , , , , , , , , , , , , , , , , , , , , , , , , , , , , , , , , , , , , , , , , , , , , , , , , , , , , , 
2017260N12308,2017,76,NA,NA,MARIA,2017-09-30 03:00:00,NR,38.5826,-53.8997, , , ,PROVISIONAL,889,837,P_____________, ,38.5826,-53.8997, , ,51,988,0,121,242,242,208, , , , , , , , ,1002,173,104, , , , , , , , , , , , , , , , , , , , , , , , , , , , , , , , , , , , , , , , , , , , , , , , , , , , , , , , , , , , , , , , , , , , , , , , , , , , , , , , , , , , , , , , , , , , , , , , , , , , , , , , , , , , , , 
2017260N12308,2017,76,NA,NA,MARIA,2017-09-30 06:00:00,NR,39.1000,-52.2000, , , ,PROVISIONAL,837,814,O_____________,tcvitals,39.1000,-52.2000, , ,51,988,0,127,231,231,208, , , , , , , , ,1004,173,104, , , , , , , , , , , , , , , , , , , , , , , , , , , , , , , , , , , , , , , , , , , , , , , , , , , , , , , , , , , , , , , , , , , , , , , , , , , , , , , , , , , , , , , , , , , , , , , , , , , , , , , , , , , , , , 
2017260N12308,2017,76,NA,NA,MARIA,2017-09-30 09:00:00,NR,39.5179,-50.4872, , , ,PROVISIONAL,819,811,P_____________, ,39.5179,-50.4872, , ,51,988,0,127,231,231,208, , , , , , , , ,1004,173,104, , , , , , , , , , , , , , , , , , , , , , , , , , , , , , , , , , , , , , , , , , , , , , , , , , , , , , , , , , , , , , , , , , , , , , , , , , , , , , , , , , , , , , , , , , , , , , , , , , , , , , , , , , , , , , 
2017260N12308,2017,76,NA,NA,MARIA,2017-09-30 12:00:00,NR,40.0000,-48.8000, , , ,PROVISIONAL,814,811,O_____________,tcvitals,40.0000,-48.8000, , ,51,988,0,127,231,231,208, , , , , , , , ,1004,173,104, , , , , , , , , , , , , , , , , , , , , , , , , , , , , , , , , , , , , , , , , , , , , , , , , , , , , , , , , , , , , , , , , , , , , , , , , , , , , , , , , , , , , , , , , , , , , , , , , , , , , , , , , , , , , , 
2017260N12308,2017,76,NA,NA,MARIA,2017-09-30 15:00:00,NR,40.6519,-47.1497, , , ,PROVISIONAL,817,817,P_____________, ,40.6519,-47.1497, , ,48,989,0,127,231,231,190, , , , , , , , ,1005,173,104, , , , , , , , , , , , , , , , , , , , , , , , , , , , , , , , , , , , , , , , , , , , , , , , , , , , , , , , , , , , , , , , , , , , , , , , , , , , , , , , , , , , , , , , , , , , , , , , , , , , , , , , , , , , , , 
2017260N12308,2017,76,NA,NA,MARIA,2017-09-30 18:00:00,NR,41.4000,-45.5000, , , ,PROVISIONAL,842, ,O_____________,tcvitals,41.4000,-45.5000, , ,45,991,0,127,231,231,173, , , , , , , , ,1006,173,104, , , , , , , , , , , , , , , , , , , , , , , , , , , , , , , , , , , , , , , , , , , , , , , , , , , , , , , , , , , , , , , , , , , , , , , , , , , , , , , , , , , , , , , , , , , , , , , , , , , , , , , , , , , , , , 
